{
  "events_csv": "research/probabilistic_v4_runs/btc_eth_2026_jan_apr_v4_narrow/baseline_plus_t3/events.csv",
  "scored_csv": "research/probabilistic_v4_runs/btc_eth_2026_jan_apr_v4_narrow/baseline_plus_t3/events_scored.csv",
  "split": "train_ratio=0.7, split_time=2026-03-05T05:58:17+00:00",
  "train_rows": 916,
  "validation_rows": 393,
  "train_baseline": {
    "events": 916,
    "success_rate": 33.6245,
    "fail_rate": 64.738,
    "timeout_rate": 1.6376,
    "avg_first_edge_atr": 0.04146,
    "avg_cost_atr": 0.151232,
    "avg_net_first_edge_atr": -0.109773,
    "median_seconds_to_outcome": 434.5
  },
  "validation_baseline": {
    "events": 393,
    "success_rate": 35.1145,
    "fail_rate": 64.1221,
    "timeout_rate": 0.7634,
    "avg_first_edge_atr": 0.048921,
    "avg_cost_atr": 0.131623,
    "avg_net_first_edge_atr": -0.082701,
    "median_seconds_to_outcome": 441.0
  },
  "markov": {
    "status": "trained",
    "success_sequences": 308,
    "fail_sequences": 593,
    "win_matrix": [
      [
        0.265986,
        0.160129,
        0.344438,
        0.229447
      ],
      [
        0.170996,
        0.272338,
        0.222381,
        0.334285
      ],
      [
        0.232434,
        0.124734,
        0.436302,
        0.206529
      ],
      [
        0.144359,
        0.223953,
        0.222076,
        0.409611
      ]
    ],
    "loss_matrix": [
      [
        0.277369,
        0.163535,
        0.333469,
        0.225626
      ],
      [
        0.179096,
        0.271139,
        0.210511,
        0.339254
      ],
      [
        0.233169,
        0.131749,
        0.412634,
        0.222448
      ],
      [
        0.147322,
        0.218411,
        0.219554,
        0.414713
      ]
    ]
  },
  "selected_rule": {
    "llr_min": 0.0,
    "flow60_min": 0.6,
    "speed60_min": -999.0,
    "dwell_seconds": 30,
    "pullback30_max": null
  },
  "selected_validation": {
    "events": 35,
    "success_rate": 71.4286,
    "fail_rate": 28.5714,
    "timeout_rate": 0.0,
    "avg_first_edge_atr": 0.3,
    "avg_cost_atr": 0.126644,
    "avg_net_first_edge_atr": 0.173356,
    "median_seconds_to_outcome": 709.0
  },
  "top_rules": [
    {
      "rule": {
        "llr_min": 0.0,
        "flow60_min": 0.6,
        "speed60_min": -999.0,
        "dwell_seconds": 30,
        "pullback30_max": null
      },
      "validation": {
        "events": 35,
        "success_rate": 71.4286,
        "fail_rate": 28.5714,
        "timeout_rate": 0.0,
        "avg_first_edge_atr": 0.3,
        "avg_cost_atr": 0.126644,
        "avg_net_first_edge_atr": 0.173356,
        "median_seconds_to_outcome": 709.0
      }
    },
    {
      "rule": {
        "llr_min": 0.0,
        "flow60_min": 0.6,
        "speed60_min": -999.0,
        "dwell_seconds": 30,
        "pullback30_max": 0.2
      },
      "validation": {
        "events": 35,
        "success_rate": 71.4286,
        "fail_rate": 28.5714,
        "timeout_rate": 0.0,
        "avg_first_edge_atr": 0.3,
        "avg_cost_atr": 0.126644,
        "avg_net_first_edge_atr": 0.173356,
        "median_seconds_to_outcome": 709.0
      }
    },
    {
      "rule": {
        "llr_min": 0.0,
        "flow60_min": 0.6,
        "speed60_min": 0.0,
        "dwell_seconds": 30,
        "pullback30_max": null
      },
      "validation": {
        "events": 35,
        "success_rate": 71.4286,
        "fail_rate": 28.5714,
        "timeout_rate": 0.0,
        "avg_first_edge_atr": 0.3,
        "avg_cost_atr": 0.126644,
        "avg_net_first_edge_atr": 0.173356,
        "median_seconds_to_outcome": 709.0
      }
    },
    {
      "rule": {
        "llr_min": 0.0,
        "flow60_min": 0.6,
        "speed60_min": 0.0,
        "dwell_seconds": 30,
        "pullback30_max": 0.2
      },
      "validation": {
        "events": 35,
        "success_rate": 71.4286,
        "fail_rate": 28.5714,
        "timeout_rate": 0.0,
        "avg_first_edge_atr": 0.3,
        "avg_cost_atr": 0.126644,
        "avg_net_first_edge_atr": 0.173356,
        "median_seconds_to_outcome": 709.0
      }
    },
    {
      "rule": {
        "llr_min": 0.0,
        "flow60_min": 0.6,
        "speed60_min": 0.03,
        "dwell_seconds": 30,
        "pullback30_max": null
      },
      "validation": {
        "events": 35,
        "success_rate": 71.4286,
        "fail_rate": 28.5714,
        "timeout_rate": 0.0,
        "avg_first_edge_atr": 0.3,
        "avg_cost_atr": 0.126644,
        "avg_net_first_edge_atr": 0.173356,
        "median_seconds_to_outcome": 709.0
      }
    },
    {
      "rule": {
        "llr_min": 0.0,
        "flow60_min": 0.6,
        "speed60_min": 0.03,
        "dwell_seconds": 30,
        "pullback30_max": 0.2
      },
      "validation": {
        "events": 35,
        "success_rate": 71.4286,
        "fail_rate": 28.5714,
        "timeout_rate": 0.0,
        "avg_first_edge_atr": 0.3,
        "avg_cost_atr": 0.126644,
        "avg_net_first_edge_atr": 0.173356,
        "median_seconds_to_outcome": 709.0
      }
    },
    {
      "rule": {
        "llr_min": 0.0,
        "flow60_min": 0.6,
        "speed60_min": 0.08,
        "dwell_seconds": 30,
        "pullback30_max": null
      },
      "validation": {
        "events": 34,
        "success_rate": 70.5882,
        "fail_rate": 29.4118,
        "timeout_rate": 0.0,
        "avg_first_edge_atr": 0.294118,
        "avg_cost_atr": 0.127104,
        "avg_net_first_edge_atr": 0.167014,
        "median_seconds_to_outcome": 696.5
      }
    },
    {
      "rule": {
        "llr_min": 0.0,
        "flow60_min": 0.6,
        "speed60_min": 0.08,
        "dwell_seconds": 30,
        "pullback30_max": 0.2
      },
      "validation": {
        "events": 34,
        "success_rate": 70.5882,
        "fail_rate": 29.4118,
        "timeout_rate": 0.0,
        "avg_first_edge_atr": 0.294118,
        "avg_cost_atr": 0.127104,
        "avg_net_first_edge_atr": 0.167014,
        "median_seconds_to_outcome": 696.5
      }
    },
    {
      "rule": {
        "llr_min": 0.0,
        "flow60_min": 0.6,
        "speed60_min": -999.0,
        "dwell_seconds": 30,
        "pullback30_max": 0.05
      },
      "validation": {
        "events": 24,
        "success_rate": 70.8333,
        "fail_rate": 29.1667,
        "timeout_rate": 0.0,
        "avg_first_edge_atr": 0.295833,
        "avg_cost_atr": 0.131775,
        "avg_net_first_edge_atr": 0.164059,
        "median_seconds_to_outcome": 696.5
      }
    },
    {
      "rule": {
        "llr_min": 0.0,
        "flow60_min": 0.6,
        "speed60_min": 0.0,
        "dwell_seconds": 30,
        "pullback30_max": 0.05
      },
      "validation": {
        "events": 24,
        "success_rate": 70.8333,
        "fail_rate": 29.1667,
        "timeout_rate": 0.0,
        "avg_first_edge_atr": 0.295833,
        "avg_cost_atr": 0.131775,
        "avg_net_first_edge_atr": 0.164059,
        "median_seconds_to_outcome": 696.5
      }
    },
    {
      "rule": {
        "llr_min": 0.0,
        "flow60_min": 0.6,
        "speed60_min": 0.03,
        "dwell_seconds": 30,
        "pullback30_max": 0.05
      },
      "validation": {
        "events": 24,
        "success_rate": 70.8333,
        "fail_rate": 29.1667,
        "timeout_rate": 0.0,
        "avg_first_edge_atr": 0.295833,
        "avg_cost_atr": 0.131775,
        "avg_net_first_edge_atr": 0.164059,
        "median_seconds_to_outcome": 696.5
      }
    },
    {
      "rule": {
        "llr_min": 0.0,
        "flow60_min": 0.55,
        "speed60_min": -999.0,
        "dwell_seconds": 30,
        "pullback30_max": null
      },
      "validation": {
        "events": 36,
        "success_rate": 69.4444,
        "fail_rate": 30.5556,
        "timeout_rate": 0.0,
        "avg_first_edge_atr": 0.286111,
        "avg_cost_atr": 0.125715,
        "avg_net_first_edge_atr": 0.160396,
        "median_seconds_to_outcome": 696.5
      }
    },
    {
      "rule": {
        "llr_min": 0.0,