{
  "calendar_sum_mean": 0.3043115763323457,
  "calendar_sum_ci_5": 0.23765673500504422,
  "calendar_sum_ci_95": 0.3721628686319769,
  "ci_width": 0.13450613362693267,
  "btc_calendar_sum": 0.0,
  "btc_ci_5": 0.0,
  "btc_ci_95": 0.0,
  "eth_calendar_sum": 0.3043115763323457,
  "eth_ci_5": 0.23765673500504422,
  "eth_ci_95": 0.3721628686319769
}