{
  "events_csv": "research/probabilistic_v4_runs/btc_eth_2026_jan_apr_v4_narrow/original_t2/events.csv",
  "scored_csv": "research/probabilistic_v4_runs/btc_eth_2026_jan_apr_v4_narrow/original_t2/events_scored.csv",
  "split": "train_ratio=0.7, split_time=2026-03-05T04:28:17+00:00",
  "train_rows": 695,
  "validation_rows": 298,
  "train_baseline": {
    "events": 695,
    "success_rate": 35.3957,
    "fail_rate": 62.5899,
    "timeout_rate": 2.0144,
    "avg_first_edge_atr": 0.055245,
    "avg_cost_atr": 0.154773,
    "avg_net_first_edge_atr": -0.099527,
    "median_seconds_to_outcome": 422.0
  },
  "validation_baseline": {
    "events": 298,
    "success_rate": 34.5638,
    "fail_rate": 64.4295,
    "timeout_rate": 1.0067,
    "avg_first_edge_atr": 0.046061,
    "avg_cost_atr": 0.134518,
    "avg_net_first_edge_atr": -0.088457,
    "median_seconds_to_outcome": 397.0
  },
  "markov": {
    "status": "trained",
    "success_sequences": 246,
    "fail_sequences": 435,
    "win_matrix": [
      [
        0.265705,
        0.15448,
        0.347751,
        0.232063
      ],
      [
        0.164632,
        0.258972,
        0.233444,
        0.342952
      ],
      [
        0.228327,
        0.118433,
        0.444834,
        0.208406
      ],
      [
        0.141509,
        0.221813,
        0.217441,
        0.419236
      ]
    ],
    "loss_matrix": [
      [
        0.280066,
        0.153396,
        0.338276,
        0.228263
      ],
      [
        0.175256,
        0.269351,
        0.213019,
        0.342374
      ],
      [
        0.237299,
        0.126174,
        0.418135,
        0.218392
      ],
      [
        0.150065,
        0.210588,
        0.226797,
        0.412549
      ]
    ]
  },
  "selected_rule": {
    "llr_min": 0.0,
    "flow60_min": 0.0,
    "speed60_min": -999.0,
    "dwell_seconds": 30,
    "pullback30_max": null
  },
  "selected_validation": {
    "events": 41,
    "success_rate": 73.1707,
    "fail_rate": 26.8293,
    "timeout_rate": 0.0,
    "avg_first_edge_atr": 0.312195,
    "avg_cost_atr": 0.14676,
    "avg_net_first_edge_atr": 0.165435,
    "median_seconds_to_outcome": 282.0
  },
  "top_rules": [
    {
      "rule": {
        "llr_min": 0.0,
        "flow60_min": 0.0,
        "speed60_min": -999.0,
        "dwell_seconds": 30,
        "pullback30_max": null
      },
      "validation": {
        "events": 41,
        "success_rate": 73.1707,
        "fail_rate": 26.8293,
        "timeout_rate": 0.0,
        "avg_first_edge_atr": 0.312195,
        "avg_cost_atr": 0.14676,
        "avg_net_first_edge_atr": 0.165435,
        "median_seconds_to_outcome": 282.0
      }
    },
    {
      "rule": {
        "llr_min": 0.0,
        "flow60_min": 0.0,
        "speed60_min": -999.0,
        "dwell_seconds": 30,
        "pullback30_max": 0.2
      },
      "validation": {
        "events": 41,
        "success_rate": 73.1707,
        "fail_rate": 26.8293,
        "timeout_rate": 0.0,
        "avg_first_edge_atr": 0.312195,
        "avg_cost_atr": 0.14676,
        "avg_net_first_edge_atr": 0.165435,
        "median_seconds_to_outcome": 282.0
      }
    },
    {
      "rule": {
        "llr_min": 0.0,
        "flow60_min": 0.0,
        "speed60_min": 0.0,
        "dwell_seconds": 30,
        "pullback30_max": null
      },
      "validation": {
        "events": 41,
        "success_rate": 73.1707,
        "fail_rate": 26.8293,
        "timeout_rate": 0.0,
        "avg_first_edge_atr": 0.312195,
        "avg_cost_atr": 0.14676,
        "avg_net_first_edge_atr": 0.165435,
        "median_seconds_to_outcome": 282.0
      }
    },
    {
      "rule": {
        "llr_min": 0.0,
        "flow60_min": 0.0,
        "speed60_min": 0.0,
        "dwell_seconds": 30,
        "pullback30_max": 0.2
      },
      "validation": {
        "events": 41,
        "success_rate": 73.1707,
        "fail_rate": 26.8293,
        "timeout_rate": 0.0,
        "avg_first_edge_atr": 0.312195,
        "avg_cost_atr": 0.14676,
        "avg_net_first_edge_atr": 0.165435,
        "median_seconds_to_outcome": 282.0
      }
    },
    {
      "rule": {
        "llr_min": 0.0,
        "flow60_min": 0.0,
        "speed60_min": 0.03,
        "dwell_seconds": 30,
        "pullback30_max": null
      },
      "validation": {
        "events": 41,
        "success_rate": 73.1707,
        "fail_rate": 26.8293,
        "timeout_rate": 0.0,
        "avg_first_edge_atr": 0.312195,
        "avg_cost_atr": 0.14676,
        "avg_net_first_edge_atr": 0.165435,
        "median_seconds_to_outcome": 282.0
      }
    },
    {
      "rule": {
        "llr_min": 0.0,
        "flow60_min": 0.0,
        "speed60_min": 0.03,
        "dwell_seconds": 30,
        "pullback30_max": 0.2
      },
      "validation": {
        "events": 41,
        "success_rate": 73.1707,
        "fail_rate": 26.8293,
        "timeout_rate": 0.0,
        "avg_first_edge_atr": 0.312195,
        "avg_cost_atr": 0.14676,
        "avg_net_first_edge_atr": 0.165435,
        "median_seconds_to_outcome": 282.0
      }
    },
    {
      "rule": {
        "llr_min": 0.0,
        "flow60_min": 0.55,
        "speed60_min": -999.0,
        "dwell_seconds": 30,
        "pullback30_max": null
      },
      "validation": {
        "events": 41,
        "success_rate": 73.1707,
        "fail_rate": 26.8293,
        "timeout_rate": 0.0,
        "avg_first_edge_atr": 0.312195,
        "avg_cost_atr": 0.14676,
        "avg_net_first_edge_atr": 0.165435,
        "median_seconds_to_outcome": 282.0
      }
    },
    {
      "rule": {
        "llr_min": 0.0,
        "flow60_min": 0.55,
        "speed60_min": -999.0,
        "dwell_seconds": 30,
        "pullback30_max": 0.2
      },
      "validation": {
        "events": 41,
        "success_rate": 73.1707,
        "fail_rate": 26.8293,
        "timeout_rate": 0.0,
        "avg_first_edge_atr": 0.312195,
        "avg_cost_atr": 0.14676,
        "avg_net_first_edge_atr": 0.165435,
        "median_seconds_to_outcome": 282.0
      }
    },
    {
      "rule": {
        "llr_min": 0.0,
        "flow60_min": 0.55,
        "speed60_min": 0.0,
        "dwell_seconds": 30,
        "pullback30_max": null
      },
      "validation": {
        "events": 41,
        "success_rate": 73.1707,
        "fail_rate": 26.8293,
        "timeout_rate": 0.0,
        "avg_first_edge_atr": 0.312195,
        "avg_cost_atr": 0.14676,
        "avg_net_first_edge_atr": 0.165435,
        "median_seconds_to_outcome": 282.0
      }
    },
    {
      "rule": {
        "llr_min": 0.0,
        "flow60_min": 0.55,
        "speed60_min": 0.0,
        "dwell_seconds": 30,
        "pullback30_max": 0.2
      },
      "validation": {
        "events": 41,
        "success_rate": 73.1707,
        "fail_rate": 26.8293,
        "timeout_rate": 0.0,
        "avg_first_edge_atr": 0.312195,
        "avg_cost_atr": 0.14676,
        "avg_net_first_edge_atr": 0.165435,
        "median_seconds_to_outcome": 282.0
      }
    },
    {
      "rule": {
        "llr_min": 0.0,
        "flow60_min": 0.55,
        "speed60_min": 0.03,
        "dwell_seconds": 30,
        "pullback30_max": null
      },
      "validation": {
        "events": 41,
        "success_rate": 73.1707,
        "fail_rate": 26.8293,
        "timeout_rate": 0.0,
        "avg_first_edge_atr": 0.312195,
        "avg_cost_atr": 0.14676,
        "avg_net_first_edge_atr": 0.165435,
        "median_seconds_to_outcome": 282.0
      }
    },
    {
      "rule": {
        "llr_min": 0.0,
        "flow60_min": 0.55,
        "speed60_min": 0.03,
        "dwell_seconds": 30,
        "pullback30_max": 0.2
      },
      "validation": {
        "events": 41,
        "success_rate": 73.1707,
        "fail_rate": 26.8293,
        "timeout_rate": 0.0,
        "avg_first_edge_atr": 0.312195,
        "avg_cost_atr": 0.14676,
        "avg_net_first_edge_atr": 0.165435,