{
  "ETHUSDT_30min": {
    "total_events": 2438,
    "train_events": 650,
    "test_events": 434,
    "forward_events": 1354,
    "delay_sim_traded": 1070,
    "timing_selected_depth": 4,
    "rf_test_auc": 0.5322611566727021,
    "speed_gate_pass_rate": 0.8856088560885609,
    "calendar_sum_gate_on": 0.6975962220022555,
    "worst_sm_gate_on": -0.11801305029254804,
    "trade_count_gate_on": 931,
    "neg_sm_count": 2
  },
  "ETHUSDT_1h": {
    "total_events": 1148,
    "train_events": 318,
    "test_events": 212,
    "forward_events": 618,
    "delay_sim_traded": 530,
    "timing_selected_depth": 3,
    "rf_test_auc": 0.9889190411578471,
    "speed_gate_pass_rate": 0.9018867924528302,
    "calendar_sum_gate_on": 0.09551440572155365,
    "worst_sm_gate_on": 0.0026899326916885223,
    "trade_count_gate_on": 32,
    "neg_sm_count": 0
  },
  "ETHUSDT_4h": {
    "total_events": 275,
    "train_events": 73,
    "test_events": 49,
    "forward_events": 153,
    "delay_sim_traded": 122,
    "timing_selected_depth": 4,
    "rf_test_auc": 0.6215686274509804,
    "speed_gate_pass_rate": 0.8852459016393442,
    "calendar_sum_gate_on": 0.19170163097278525,
    "worst_sm_gate_on": -0.11692839284447454,
    "trade_count_gate_on": 70,
    "neg_sm_count": 2
  },
  "BTCUSDT_30min": {
    "total_events": 2383,
    "train_events": 634,
    "test_events": 423,
    "forward_events": 1326,
    "delay_sim_traded": 793,
    "timing_selected_depth": 3,
    "rf_test_auc": 0.976304945054945,
    "speed_gate_pass_rate": 0.902554399243141,
    "calendar_sum_gate_on": 0.01012541085328107,
    "worst_sm_gate_on": -0.012698120076515147,
    "trade_count_gate_on": 41,
    "neg_sm_count": 1
  },
  "BTCUSDT_1h": {
    "total_events": 1069,
    "train_events": 280,
    "test_events": 187,
    "forward_events": 602,
    "delay_sim_traded": 435,
    "timing_selected_depth": 3,
    "rf_test_auc": 0.9818976279650437,
    "speed_gate_pass_rate": 0.9143468950749465,
    "calendar_sum_gate_on": 0.04126905125168828,
    "worst_sm_gate_on": -0.004911257462164884,
    "trade_count_gate_on": 47,
    "neg_sm_count": 1
  },
  "BTCUSDT_4h": {
    "total_events": 285,
    "train_events": 79,
    "test_events": 53,
    "forward_events": 153,
    "delay_sim_traded": 132,
    "timing_selected_depth": 3,
    "rf_test_auc": 0.7069256756756757,
    "speed_gate_pass_rate": 0.8863636363636364,
    "calendar_sum_gate_on": 0.06942790867390047,
    "worst_sm_gate_on": -0.007765158960886015,
    "trade_count_gate_on": 74,
    "neg_sm_count": 1
  }
}