{
  "note": "Research-only audit. Scores frozen data/pretouch_model.json on T3 events and joins them to strict T2-disabled + T3 60m lifecycle trades. Gate metrics are trade-level attribution, not yet a rerun lifecycle gate.",
  "model_path": "/Users/wuyaocheng/Downloads/bkTrader/data/pretouch_model.json",
  "months": [
    "2025-06",
    "2025-07",
    "2025-08",
    "2025-09",
    "2025-10",
    "2025-11",
    "2025-12",
    "2026-01",
    "2026-02",
    "2026-03",
    "2026-04"
  ],
  "symbols": [
    "ETHUSDT",
    "BTCUSDT"
  ],
  "trades": 104,
  "matched_trades": 104,
  "events": 417,
  "elapsed_seconds": 1414.63,
  "top_gates": [
    {
      "gate": "side_short",
      "trades": 33,
      "avg_trade_net_pct": 0.013665,
      "win_rate_pct": 48.48,
      "net_after_fee_pct": 0.450954,
      "worst_symbol_month_pct": -0.090031,
      "negative_symbol_months": 9,
      "by_month": {
        "2025-06": -0.144049,
        "2025-07": 0.044875,
        "2025-08": 0.071907,
        "2025-09": -0.004224,
        "2025-10": -0.062695,
        "2025-11": 0.098094,
        "2025-12": -0.13718,
        "2026-01": -0.048983,
        "2026-02": 0.0,
        "2026-03": 0.69109,
        "2026-04": -0.057881
      },
      "by_symbol": {
        "ETHUSDT": 0.542818,
        "BTCUSDT": -0.091864
      }
    },
    {
      "gate": "model_live_quality",
      "trades": 69,
      "avg_trade_net_pct": -0.002111,
      "win_rate_pct": 42.03,
      "net_after_fee_pct": -0.14567,
      "worst_symbol_month_pct": -0.332522,
      "negative_symbol_months": 13,
      "by_month": {
        "2025-06": -0.199153,
        "2025-07": 0.267264,
        "2025-08": -0.160469,
        "2025-09": -0.098701,
        "2025-10": 0.198192,
        "2025-11": 0.102806,
        "2025-12": -0.36143,
        "2026-01": -0.048983,
        "2026-02": 0.330998,
        "2026-03": 0.015312,
        "2026-04": -0.191507
      },
      "by_symbol": {
        "ETHUSDT": 0.464417,
        "BTCUSDT": -0.610086
      }
    },
    {
      "gate": "all_t3",
      "trades": 104,
      "avg_trade_net_pct": -0.001653,
      "win_rate_pct": 41.35,
      "net_after_fee_pct": -0.171863,
      "worst_symbol_month_pct": -0.460332,
      "negative_symbol_months": 12,
      "by_month": {
        "2025-06": -0.378412,
        "2025-07": 0.243641,
        "2025-08": -0.169385,
        "2025-09": 0.50515,
        "2025-10": 0.39482,
        "2025-11": -0.028608,
        "2025-12": -0.644773,
        "2026-01": -0.100295,
        "2026-02": 0.374116,
        "2026-03": -0.176612,
        "2026-04": -0.191507
      },
      "by_symbol": {
        "ETHUSDT": 1.22829,
        "BTCUSDT": -1.400153
      }
    },
    {
      "gate": "matched_model_events",
      "trades": 104,
      "avg_trade_net_pct": -0.001653,
      "win_rate_pct": 41.35,
      "net_after_fee_pct": -0.171863,
      "worst_symbol_month_pct": -0.460332,
      "negative_symbol_months": 12,
      "by_month": {
        "2025-06": -0.378412,
        "2025-07": 0.243641,
        "2025-08": -0.169385,
        "2025-09": 0.50515,
        "2025-10": 0.39482,
        "2025-11": -0.028608,
        "2025-12": -0.644773,
        "2026-01": -0.100295,
        "2026-02": 0.374116,
        "2026-03": -0.176612,
        "2026-04": -0.191507
      },
      "by_symbol": {
        "ETHUSDT": 1.22829,
        "BTCUSDT": -1.400153
      }
    },
    {
      "gate": "rf_ge_0p50",
      "trades": 86,
      "avg_trade_net_pct": -0.002323,
      "win_rate_pct": 40.7,
      "net_after_fee_pct": -0.199781,
      "worst_symbol_month_pct": -0.386231,
      "negative_symbol_months": 13,
      "by_month": {
        "2025-06": -0.313931,
        "2025-07": 0.243641,
        "2025-08": -0.169385,
        "2025-09": 0.476908,
        "2025-10": 0.380448,
        "2025-11": 0.016338,
        "2025-12": -0.563403,
        "2026-01": -0.04736,
        "2026-02": 0.057327,
        "2026-03": -0.088858,
        "2026-04": -0.191507
      },
      "by_symbol": {
        "ETHUSDT": 1.064277,
        "BTCUSDT": -1.264058
      }
    },
    {
      "gate": "rf_ge_0p60",
      "trades": 49,
      "avg_trade_net_pct": -0.00419,
      "win_rate_pct": 42.86,
      "net_after_fee_pct": -0.205327,
      "worst_symbol_month_pct": -0.229907,
      "negative_symbol_months": 12,
      "by_month": {
        "2025-06": -0.299217,
        "2025-07": 0.283323,
        "2025-08": 0.000214,
        "2025-09": 0.244989,
        "2025-10": 0.457515,
        "2025-11": -0.060164,
        "2025-12": -0.423962,
        "2026-01": -0.048983,
        "2026-02": 0.119603,
        "2026-03": -0.345019,
        "2026-04": -0.133626
      },
      "by_symbol": {
        "ETHUSDT": 0.235059,
        "BTCUSDT": -0.440386
      }
    },
    {
      "gate": "rf_ge_0p70",
      "trades": 31,
      "avg_trade_net_pct": -0.008652,
      "win_rate_pct": 38.71,
      "net_after_fee_pct": -0.268203,
      "worst_symbol_month_pct": -0.229907,
      "negative_symbol_months": 11,
      "by_month": {
        "2025-06": -0.154375,
        "2025-07": 0.168239,
        "2025-08": -0.057236,
        "2025-09": 0.302128,
        "2025-10": 0.196628,
        "2025-11": -0.060164,
        "2025-12": -0.423962,
        "2026-01": -0.056108,
        "2026-02": 0.098102,
        "2026-03": -0.281456,
        "2026-04": 0.0
      },
      "by_symbol": {
        "ETHUSDT": -0.057016,
        "BTCUSDT": -0.211187
      }
    },
    {
      "gate": "rf_ge_0p65",
      "trades": 34,
      "avg_trade_net_pct": -0.00829,
      "win_rate_pct": 41.18,
      "net_after_fee_pct": -0.281862,
      "worst_symbol_month_pct": -0.229907,
      "negative_symbol_months": 11,
      "by_month": {
        "2025-06": -0.154375,
        "2025-07": 0.168239,
        "2025-08": -0.057236,
        "2025-09": 0.244989,
        "2025-10": 0.196628,
        "2025-11": -0.060164,
        "2025-12": -0.423962,
        "2026-01": -0.048983,
        "2026-02": 0.098102,
        "2026-03": -0.281456,
        "2026-04": 0.036355
      },
      "by_symbol": {
        "ETHUSDT": -0.114155,
        "BTCUSDT": -0.167707
      }
    },
    {
      "gate": "model_live_quality_timing",
      "trades": 62,
      "avg_trade_net_pct": -0.005453,
      "win_rate_pct": 41.94,
      "net_after_fee_pct": -0.338074,
      "worst_symbol_month_pct": -0.261877,
      "negative_symbol_months": 14,
      "by_month": {
        "2025-06": -0.199153,
        "2025-07": 0.267264,
        "2025-08": -0.160469,
        "2025-09": -0.098701,
        "2025-10": 0.198192,
        "2025-11": 0.169344,
        "2025-12": -0.36143,
        "2026-01": -0.048983,
        "2026-02": 0.001412,
        "2026-03": 0.085957,
        "2026-04": -0.191507
      },
      "by_symbol": {
        "ETHUSDT": 0.18478,
        "BTCUSDT": -0.522853
      }
    },
    {
      "gate": "rf_ge_0p45",
      "trades": 99,
      "avg_trade_net_pct": -0.00355,
      "win_rate_pct": 41.41,
      "net_after_fee_pct": -0.351469,
      "worst_symbol_month_pct": -0.389687,
      "negative_symbol_months": 13,
      "by_month": {
        "2025-06": -0.378412,
        "2025-07": 0.243641,
        "2025-08": -0.169385,
        "2025-09": 0.50515,
        "2025-10": 0.39482,
        "2025-11": 0.03793,
        "2025-12": -0.644773,
        "2026-01": -0.100295,
        "2026-02": 0.057327,
        "2026-03": -0.105966,
        "2026-04": -0.191507
      },
      "by_symbol": {
        "ETHUSDT": 0.961451,
        "BTCUSDT": -1.31292
      }
    }
  ]
}
